{
  "simple_rnn": {
    "accuracy": 0.7202680067001676,
    "macro_f1": 0.6322454832630052,
    "class_precision": {
      "Bearish": 0.4485776805251641,
      "Bullish": 0.55741127348643,
      "Neutral": 0.859504132231405
    },
    "class_recall": {
      "Bearish": 0.590778097982709,
      "Bullish": 0.5621052631578948,
      "Neutral": 0.7969348659003831
    }
  },
  "lstm": {
    "accuracy": 0.7826633165829145,
    "macro_f1": 0.7093321272572292,
    "class_precision": {
      "Bearish": 0.5516372795969773,
      "Bullish": 0.6560636182902585,
      "Neutral": 0.8870967741935484
    },
    "class_recall": {
      "Bearish": 0.6311239193083573,
      "Bullish": 0.6947368421052632,
      "Neutral": 0.842911877394636
    }
  },
  "gru": {
    "accuracy": 0.791038525963149,
    "macro_f1": 0.7116532025456926,
    "class_precision": {
      "Bearish": 0.5730027548209367,
      "Bullish": 0.6715176715176715,
      "Neutral": 0.8795336787564767
    },
    "class_recall": {
      "Bearish": 0.5994236311239193,
      "Bullish": 0.68,
      "Neutral": 0.8671775223499362
    }
  }
}